ID,Code,COMPANY,INDUSTRY,ADDRESS,CITY,STATE,ZIP,PHONE,WEBSITE,REVENUE,EMPLOYEE,$/EMPL,CONTACT,POS,EMAIL
S,,1 Source Solar,Turn-Key Solar Solutions,3020 SW Oralabor Rd #116,Ankeny,IA,50023,(515)-289-1974,http://1sourcesolar.com/,5.3,25,0.21,Todd Miller ,President,todd@1sourcesolar.com
S,,21st Century Power Solutions,Telecommunication and Solar Solutions,418 Oella Ave Ste A,Catonsville,MD,21228,(410) 418-5650,https://www.21cps.com/,5.2,25,0.21,Glenn Miller,"Vice President, Electrical Division",info@21cps.com
F,,"2R Automation, LLC","implementing current technology into the electrical, hydraulic, and mechanical systems",11026 Split Oak Dr,West Olive,MI,49460,(616) 406 - 7085,https://2rautomation.com/,5,25,0.20,Rodney Rotman,President,rodney.rotman@2rautomation.com
M ,,4-Star Hose & Supply,Hose Products,10704 Composite Dr,Dallas,TX,75220,(214) 351-6085,https://4starhose.com/,10,113,0.09,Brent Culhane,Vice President,brent@4starhose.com
I,,4TEC,Intregrated Technology,4611 S 96th St. Ste 128,Omaha,NE,68127,(402) 334-9119,http://www.4tecintegration.com/,6.5,25,0.26,Chuck Miller,President,cmiller@4tecintegration.com
I,,"4th Vector Technologies, LLC",Industrial Machine Vision and Deep Learning technology,3209 Gresham Lake Rd Ste 147,Raleigh,NC,27615,(919) 746-7720,https://4thvectortech.com/,5,25,0.20,Rob Couture,CTO,4info@4thVectorTech.com
I,,6 Sigma Automation,"Control Panels, Programming, Machine Fabrication, SCADA Systems and Data Acquisition, System Integration, Troubleshooting",216 Slemp Ln,Elizabethton,TN,37643,(423) 895-0202,https://www.6sigmaautomation.com/,1,6,0.17,Tom Howell and Jacob Howell,Owners,
S,,7X Energy,C&R,3809 Juniper Trce Ste 100,Austin,TX,78738,(866) 298-1632,https://www.linkedin.com/company/7x-energy-inc./,5,35,0.14,Clay Butler,CEO,clay@7x.energy
I,,A & A Control System Consulting LLC,"SCADA system consulting, SCADA project support, preventive maintenance, specialized services, analysis and programming",366 Den Rd,Stamford,CT,6903,(203) 295-0276,aasystemscontrol.com,1,25,0.04,Joseph Palermo,President,Josephpalermo@att.net
M,,AA Fluid Power Services,Hydraulic repair service,120 Parr St.,Sumiton,AL,35148,(205) 648 - 7272,https://www.aafps.com/,1.4,11,0.13,Jim Langley,President,jmlangley@aafps.com
N,,A & H Hose and Fitting,Air tools & tool equipment rental market,6115 State Route 366,Huntsville,OH,43324,(937) 842-3208,https://www.ahhoseandfittings.com,5,4,1.25,Timothy Hart,President,tim@ahhose.com
C,,A & M Compressed Air Products,Air products,121 N Plains Industrial Rd Ste T.,Wallingford,CT,6492,(203) 697-1177,www.amcompair.com,10,15,0.67,Jason Normandin ,President,jnormandin@amcompair.com
I,,"A&B Process Systems Corp, a Business Unit of JBT Corporation",Turnkey solutions for advance process systems SS,212700 Stainless Ave,Stratford,WI,54484,(715) 687-4332,www.abprocess.com,7.9,378,0.02,Brian Deck,President & CEO,abprocess@jbtc.com
I,,"A&E Engineering, Inc.","Process, factory automation & Manufacturing cloud",805 Suburban Park Drive,Greer,SC,29651,(864) 527-6400,https://aeengr.com/,12.8,68,0.19,Wright Sullivan,President,wright.sullivan@aeengr.com
D,,A&L Hydraulic Inc.,"Pumps, Valves & Hydrolic solutions",4412 South 87 St.,Omaha,NE,68127,(402) 339-3873,www.a-lhydraulics.com,5,25,0.20,Dennis Anderson,President,dennisa@a-lhydraulics.com 
N,,A&M Industrial,"NAHAD,Brochure",P.O. Box 1044 37 West Cherry St.,Rahway,NJ,7065,(800) 864 -2660,www.am-ind.com,23.9,200,0.12,Mark Abraham,CIO,
I,,"A.H.Mackenzie Design, LLC","Software Toolbox, Siemens",11 E Gorham Industrial Parkway,Gorham,ME,4038,(207) 619-1622,www.ahmackenziedesign.com,1,10,0.10,Alec Mackenzie ,President,alec@ahmackenziedesign.com
I,,A.K. de Rama Industrial Control Systems,Integrator Guide,253 Sheffield St,Mountainside,NJ,7092,(908) 789-1600,www.akderama.net,5,25,0.20,Tony de Rama,President,
N,,A-1 Coupling & Hose,"NAHAD,Brochure",2050 W Broadway,Eugene ,OR,97402,(800) 452-2524,https://a1coupling.com/,8.8,35,0.25,Wes Evans,Vice President,wes@a1coupling.com
D,,AAP Automation & Advanced Air Products,Parker; SMC; Rexroth,2901 S Tejon St.,Englewood,CO,80110,800-748-2043,www.aapautomation.com,13.8,45,0.31,Charlie Smith,CFO,charliesmith@aapautomation.com 
I,,Aarell Process Controls Group,Integrator Guide,6125 Center Drive,Sterling Heights,MI,48312,586.274.0505,https://indicon.com/aarell-process-controls.html,5,50,0.10,Jack Iannantuono,Owner ,
I,,Aaron Associates Of Connecticut Inc,Integrator Guide,2 Mattoon Road,Waterbury,CT,6702,(203) 753-1536,https://aaronct.com/,5,17,0.29,Carmen Corvigno,Owner,gcorvigno@aaronct.com
D,,Aaxion Inc.,Parker,"3630 W Miller Rd, #310",Garland,TX,75041,(214) 221-0800,www.aaxioninc.com,5.9,20,0.30,Kent Clifton,President,kent@aaxioninc.com
I,,AB Controls,Rockwell Automation,15530 Rockfield Blvd Suite B2,Irvine,CA,92618,(949) 341-0977,https://www.abcontrols.com/,5,14,0.36,Mike Nariman,President,mnariman@abcontrols.com
I,,AB Industry Inc.,"Mitsubishi, Allen Bradley, Opto22, Omron, RS Logix, Wonderware, Intellusion",13661 Jupiter Rd Ste 300,Dallas,TX,75238,(972) 479-5572,www.abindustry.com,26.2,13,2.02,Lukasz Kisielewski ,President,lukasz.kisielewski@abindustry.com
I,,"Abacus Industrial Technologies, Inc.",Integrator Guide,110 Dogwood Lane,St. Marys,PA,15857,(814).781.1001,www.abacusindustrialtechnologies.com,5,10,0.50,Adam Herzing ,President,abacus@windstream.net
N,,"Abbott Rubber Company, Inc.","NAHAD,Brochure",1311 Meacham Rd,Itasca,IL,60143,(847) 952-1800,www.abbottrubber.com,23.5,34,0.69,Terry Weiner,Owner,terry@abbottrubber.com
E,,"Abbott Supply, LLC",Automotive Service & Collision Repair,3030 Locust St.,Quincy,IL,62301,(217) 222-7291,https://www.abbottsupply.net/,5.3,8,0.66,,,
N,,"ABC Industries, Inc.","NAHAD,Brochure",301 Kings Hwy,Winona Lake,IN,46590,(800) 426-0921,https://www.abc-industries.net/,27.3,214,0.13,Jeanice Croy,CEO,
I,,ABCo Automation,Integrator Guide,6202 Technology Dr,Browns Summit,NC,27214,(336) 375 - 6400,https://www.goabco.com/,15.4,118,0.13,Mimi Morton,President,mimi@goabco.com
S,,Abender,Commercial,2921 Hangar Way,Bakersfield,CA,93308,(855)-800-7652,http://a-csolar.com/,5,1,5.00,DAREN T ALEXANDER,President,
D,,"Aberdeen Dynamics, LLC",Parker,17717 E. Admiral Place,Tulsa,OK,74158,(918) 437-8420,www.aberdeendynamics.com,32.9,68,0.48,Joseph Martin,President,jmartin@aberdeendynamics.com
I,,"Abilitek, Incorporated",Rockwell Automation,12013 SW129th Court Unit 5,Miami,FL,33186,(305).233.4041,www.abilitek.com,5,25,0.20,Ron Sauer ,President,
I,,Able-Baker Automation,Integrator Guide,1070 Larch Ave,Moraga,CA,94556,(510) 601-9396,https://www.able-baker.com/,5,4,1.25,Wendell Baker,President,wendell@able-baker.com
I,,ABM Equipment,Inductive Automation,13911 NW 3rd Ct,Vancouver,WA,98685,(360) 558-7156,https://abmequipment.com/,8.2,38,0.22,John Cassa,President,
I,**,Absolute Engineering Co.,"Industrial Design, Industrial Engineering, Fabrication, Equipment Selection, ","1000 N Ashley Dr, Suite 925","Tampa,",FL,33602,813-221-1516,,8,43,0.19,John Cassa,President,jcassa@abmequipment.com
I,,AC Controls,Integrator Guide,715 N. Westwood Ave.,Toledo,OH,43607,(419) 535-9715,www.absoluteengineering.com,1,93,0.01,Dan Strzesynski ,President,
I,,AC Corporation,"Systems Integration, Process Control, Combustion Management, Industrial Instruments, Valves, Analytical Instruments, Heat Trace, and Level Measurement",8600 Westmoreland Dr. NW,Concord,NC ,28027,(704) 545-4500,http://www.accontrols.com/,124,123,1.01,Jim Borders,President,jim.borders@accontrols.com
S,,A-C Solar,Commercial,"3809 JUNIPER TRACE, SUITE 100",Austin,TX,78738,(866).298.1632,https://7x.energy/,5,18,0.28,Clay Strickland,Vice President,
I,,AC TECHNICAL SERVICES,Integrator Guide,301 Creek Ridge Road,Greensboro,NC,27406,(336) 273-4472,www.accorporation.com,25,15,1.67,Mike Garibay,President,
I,,A-C Technology Solutions,"Systems Integration, Process Control, Industrial Instruments, Valves",8600 Westmoreland Dr NW,Concord,NC,28027,(704) 573-7005,http://www.actechnicalservices.com/,10,54,0.19,Jim Borders,President,jim.borders@accontrols.com
I,,ACA Control Systems Ltd.,"Rockwell Automation, Wonderware, GE, Siemens, UL, BALDOR, Automation Direct, Emerson, Schneider Electric",2560 S. East Ave.,Fresno,CA,93706,(559) 277-3488,http://www.a-ctech.com/,4,25,0.16,David Morton,"Vice President, Operations",davemorton@a-celectric.com
D,,Acacia Partners LLC,Parker,2717 Breckenridge Industrial Ct.,St. Louis,MO,63144,(314) 645-5003,www.zeuschel.com,4,10,0.40,Bob Zeuschel,President/ Owner,b.zeuschel@zeuschel.com
I,,"Accent Controls, Inc.","Managed IT Services,IT Consulting Services,Cloud Backup & Recovery,Specifications & Purchasing,Software Development",10975 Benson Dr,Overland Park,KS,66210,(913) 220-2882,http://www.acadeus.com/,1,7,0.14,Charles Jabara,Managing Director,charles.jabara@acadeus.com
N,,"Accord International, Inc.","marine, petrochemical, and industrial supplier of hoses",301 Kings Hwy,Winona Lake,IN,46590,(574) 267-5166,www.abc-industries.net,5,4,1.25,Jennifer Kussmaul,,jkuss@abc-industries.net
N,,"Ace Hose and Rubber Co., Div. of Amerisource Suppl","NAHAD,Brochure","4380 S. Wayside Dr., Suite 100",Houston,TX,77087,(713) 641-1979,www.accordintl.com,5,24,0.21,Allen W. Pinkerton,President,allen@accordintl.com
A,,"Ace Technologies, LLC","Rockwell Automation, ISA, CSIA, Cognex, Wonderware","7301 E. 90th St., Suite 103",Indianapolis,IN,46256,(317) 578-0558,www.acetechllc.com,4,30,0.13,Andre Guillaume,President / CEO,aguillaume@acetechllc.com
I,,"ACES Automation, Inc",Rockwell Automation,1601 Burlington St,North Kansas City,MO,64116,(816) 483-6330,https://www.accentcontrols.com/,10,500,0.02,Mary Janiak,President,Mjaniak@accentcontrols.com
I,,ACET Solutions LLC,"Rockwell Automation, Systenm Integrator",901 Cillessen Court,Farmington,NM,87401,(505) 326-2424,http://www.acesnm.com/,14,76,0.18,Gary Spies,President,gspies@acesautomation.com
D,,ACI Controls,Parker,295 Main Street,West Seneca,NY,14224,(800) 333-7519,www.aci-controls.com,11,50,0.22,Robert Wischerath,President,robert.wischerath@aci-controls.com
I,,"Acieta, LLC","ICS Cybersecurity, PLC, SCADA, HMI, Process Automation, Industrial CyberSecurity, Industrial Automation, Safety, Integration, OT Security, Industrial Intelligence, and IEC62443",1400 Park Row Dr,Houston,TX,77084,(832) 506-2797,https://www.acetsolutions.com/,1,9,0.11,Ibne Syed,Country Manager,san@acetsolutions.com
I,,Acme Manufacturing Company,Integrator Guide,4240 North Atlantic Blvd,Auburn Hills,MI,48326,(248)-393-7300 ext: 208,www.acieta.com/about-us/locations/iowa/,10,177,0.06,Mark Sumner ,National Sales Manager,msumner@acieta.com
I,,Acorn Technology Corporation,Integrator Guide,23103 Miles Road,Cleveland,OH,44128,(216) 663-1244,www.acmemfg.com,5,8,0.63,Joe Saad ,Director of Sales,saadj@acmemfg.com
I,,"AcornVac, Inc.",Integrator Guide,23103 Miles Road,Cleveland,OH,44128,(216) 663-1244,www.acorntechnology.com,10,23,0.43,Robert Green ,VIce President,rgreen@acorntechnology.com
I,,Acquired Data Solutions,"Vacuum Plumbing, Water Conservation, Water Sustainability, and Security Fixtu",13818 Oaks Ave.,Chino,CA,91710,(909) 902-1141,https://www.acornvac.com/,4,23,0.17,Laura Marshall,Vice President,lmarshall@acornvac.com
F,,ACR Supply Company Inc.,Goodyear; Gates,1017 Hampshire St.,Quincy,IL,62306,(217) 223-9950,www.abbottsupply.net,20,50,0.40,Angela Walbring,President,awalbring@abbottsupply.net
I,,Acropolis Engineers,"Data Acquisition Systems, Monitor and Control Systems, Test and Measurement Systems, Quality Assurance Testing, Sensor Integration, Vibration Analysis, Instrumentation, Hardware Development, Software Development, Cybersecurity, Custom Platforms, RMF Compliance, CMMC Compliance, Functional Test System, Operational Test System, and Automated Test System","11900 Parklawn Dr, Ste 420 Suite 510",Rockville,MD,20852,(301)-984-4193,https://acquireddatasolutions.com/,5,26,0.19,Steven Seiden,President,steve.seiden@acquiredata.com
I,,"ACS Engineering, Inc.","Integrated Design, Systems Integration, Instrumentation and Controls","633 Liberty Drive, Suite 500",Verona,WI,53593,(608) 663-1590,http://www.acscm.com/,41.8,67,0.62,Scott Hoselton,President,shoselton@acscm.com
D,,ACS Hydraulics,Denison; Eaton; Bosch; Rexroth,1101 Stanley Dr.,Euless,TX,76040,(817) 267 9444,www.acshydraulics.com,50,100,0.50,Stephen Drilling,President,drilling@acshydraulics.com
I,,"ACS Services, Inc.","Wonderware, Rockwell Automation","33 Hammond, Ste 209",Irvine,CA,92618,(949) 297-3777,http://www.acsengineering.net/,4,20,0.20,Bob Kavoossi,President,bobk@acsengineering.net
I,,Actemium,"IT Support, IT Managed Services, Network Support, Server Support, Disaster Recovery, IT Consultation, and Cloud Services",11390 Old Roswell Road,Alpharetta,GA,30009,(678) 899-1372,http://www.actemium.com/,7.6,25,0.30,Karl-Heinz Lochner,Vice President,contact.inp@actemium.com
I,,"Action Equipment Solutions, Inc.","Design and Implenentation of Sophisticated Equipment for Manufacturing, Process, and Other Industrial Facilities",109 Demand Court,Georgetown,KY,40324,(502)-863-9050,https://aesi-ky.com/,5,25,0.20,Amy Curtis,Controller,info@aesi-ky.com
F,,Action Industrial Group LLC,"Gates,Brochure",2416 Alwin Ct,Raleigh,NC,27604,(919) 861-2277,www.acrsupply.com,22,118,0.19,Troy Meachum,President,troym@acrsupply.com
N,,Ace Hose and Rubber,Hose Products,701 S Olive Ave Unit 802,West Palm Beach,FL,33401,312-850-4673,www.acehose.com,5,25,0.20,Bruce Behrstock,President,brubehrs@acehose.com
S,,"Ace, LLC Solar",Energy Contracting Company,117 West Madison Street,Pulaski,TN,38478,(931) 638-4639,http://acellcsolar.com/,5,25,0.20,CHUCK BOGGS,CEO & PRESIDENT,nfo@acellcsolar.com
I,,Acutek Automation,Industrial Automation company specializing in productivity software and electrical control panels,11433 Williamson Rd,Cincinnati,OH,45241,(513) 769-4546,,5.4,25,0.22,David Tryling ,President,
N,,Adam- Hill Company,Industrial Machinery and Equipment,142 Utah Ave,South San Francisco,CA,94080,(650) 589-9655,www.adam-hill.com,5,25,0.20,Mary Melson,Credit Manager,
I,,"ADAPT Automation, Inc.",Integrator Guide,1661 Palm Street,Santa Ana,CA,92701,(714) 662-4454,www.adaptautomation.com,10,20,0.50,Peter Smit ,VP,peter@adaptautomation.com
I,,Adaptek Systems,Integrator Guide,14224 Plank Street,Fort Wayne,IN,46818,(260)-637-8660,www.adapteksystems.com,17.8,99,0.18,Joe DePrisco,President,sales@adapteksystems.com
I,,"Adaptive Equipment, Inc.",Integrator Guide,"2512 N.E. 1st Blvd., Suite 400",Gainesville,FL,32609,(352)-284-8590,www.adaptivequipment.com,5,25,0.20,Jennifer Reeves,Office Manager,
I,,Adaptive Resources,"Rockwell Automation, Wonderware",1825 E Plano Pkwy Suite 180,Plano,TX,75074,(469) 270-5559,www.adaptiveresources.com,1,50,0.02,Eliseo Rodriguez,President / CEO,erodriguez@adaptiveresources.com
I,,Adcon Engineering Co.,"Machine Safeguarding, Automation Sensors, Panel Components, Connectivity Products, Industrial Wireless, HMI and PLC Control, RFID and Barcode, Value Add Solutions",20102 Progress Drive,Strongsville,OH,44149,(440) 238-3915,https://adconengineering.com/wp/,5,25,0.20,Morgan Rector,Account Manager,sales@adconengineering.com
I,,Adgo Engineering and Controls,Integrator Guide,3988 McMann Road,Cincinnati,OH,45241,(513) 752 -6880 ext: 116,www.adgoinc.com,5.3,25,0.21,Donna Reynolds,CEO,Info@Adgocontrols.com
I,,"Advanced Automated Controls, Inc.",Integrator Guide,473 Easton Tpke,Lake Ariel,PA,18436,(570) 842-5842,www.aac247.com,5,25,0.20,John Kernoschak ,President,john@aac247.com
I,,Advanced Control Solutions,"Automation, Machine Vision, Robotics, Motion Control, IIoT, Framing, Enclosures, Automation Controllers, and Sensors & Connectivity",1400 Williams Drive,Marietta,GA,30066,(800) 969-7772,https://advancedcontrolinc.com/,6.2,25,0.25,Dave Pilliod,President,dpilliod@acs-ga.com
I,,"Advanced Control Systems, LLC - ACS","Inductive Automation, Rockwell Automation, Schneider Electric / AVEVA,EZ Automation, Omron, GE, Siemens, Automation Direct, ",2540 E Franklin Rd,Meridian,ID,83642,(208) 362-5858,http://www.advancedcontrol.com/,14.1,31,0.45,Deanne Landreth,"Principal, President",deanne@advancedcontrol.com
I,,Advanced Control Technologies,Integrator Guide,23011 Moulton Pkwy F6,Laguna Hills,CA,92653,(949) 581-5584,https://www.yelp.com/biz/advanced-control-technology-laguna-hills,5,25,0.20,Thomas Reynolds,Owner,tom@act4vision.com
I,,"Advanced Controls, Inc","ABB, Rockwell","34300 Lakeland Blvd, Unit 1",Eastlake,OH,44095,(440) 354-5413,http://www.advancedcontrolsinc.com/,6.4,25,0.26,Paul O'Connor,President,p.oconnor@advancedcontrolsinc.com
I,,Advanced Electrical Technologies,Rockwell Automation,1081 Columbia Blvd.,Longview,WA,98632,(360) 423-2245,https://www.aet-pneco.com/,5,25,0.20,Wayne Plocharsky,Executive Vice President,waynep@aet-pneco.com
I,,Advanced Energy Control,Rockwell Automation,1121 Columbia Blvd.,Longview,WA,98632,(360) 423-2245,https://www.aet-pneco.com/,4,21,0.19,Wayne Plocharsky,Executive Vice President,waynep@aet-pneco.com
S,,Advanced Energy Systems,"Refrigeration Control, Energy Management, Demand Control, Demand Response, and Temperature Monitoring, Opto22",N9935 Pleasant Rd. P.O. Box 130,Randolph,WI,53956,(920) 326-3348,https://www.advancedenergycontrol.com/,5,25,0.20,Nathan Bartlett,Vice President / Senior Project Engineer,nathanb@advancedenergycontrol.com
I,,Advanced Engineering & Environmental Services / AE2S,"Water System Consulting, Water Resources System Consulting, GIS & Mapping, Structural Engineering, Electrical Engineering, General Civil Engineering, Instrumentation & Controls",6901 East Fish Lake Rd,Maple Grove,MN,55369,(763) 463-5036,https://www.ae2s.com/,43.3,241,0.18,Grant Meyer,CEO,grant.meyer@ae2s.com
I,,"Advanced Engineering, Inc.","SauerDanfoss,Brochure",245 Campbell Road,York,PA,17402,(717) 757 1068,www.afsfa.com,15,35,0.43,Dale Slayton,President,hdslayton@afsfa.com
D,,Advanced Fluid Systems,Full Service Distributor of Hydraulic and Pneumatic Components,751 Hurricane Shoals Rd NE,Lawrenceville,GA,30043,(770) 963-6164,https://www.advancedfluidsystems.com/,7.9,37,0.21,Dale Slayton,President,hdslayton@afsfa.com
R,C,Advanced Fluid Systems,"dehydration, filtration and separation of air, gas and liquids",15019 N.Brentwood,Channelview,TX,77530,(281) 452-4867,https://www.advancedfluids.com/index.php,5,25,0.20,James Councilor,Manufacturer's Representative,
S,,Advanced Green Technologies," solar contractor specializing in the design, procurement, and construction (EPC) of commercial, industrial, and utility-scale solar energy projects",2100 NW 21st Ave,Fort Lauderdale,FL,33311,(954) 735-2641,https://www.agt.com/,5,25,0.20,Mike Garvey,Executive Vice President,webmaster@agt.com
I,,"Advanced Industrial Controls, Inc.","Siemens, KUKA, Control Techniques",1003 W. Broadway,Steeleville,IL,62288,(888) 215-2147,https://advancedindustrialcontrols.com/,5,21,0.24,Jason Tretter,President,jason@advancedindustrialcontrols.com
I,,"Advanced Industry Support, Inc.",Integrator Guide,6400 Shelby View Drive Suite 1110,Memphis,TN,38134,(901)-383-9744,www.aisimem.com,5.5,25,0.22,Rick Combs,Marketing and Sales Representative,
I,,Advanced Integrated Technology,"AGVs,Automated Systems for Part-to-Part Assembly,Circumferential Driller,Friction Stir Welding,Laser Indexing Systems,NCDJ,Positioning Systems",361 Industrial Drive,Mountain View,AR,72560,(870) 269-4367,https://www.a-i-t.com/,5,25,0.20,Cheri Prince,CEO,info@a-i-t.com
I,,Advanced Integration Group Inc.,"Phoenix Contact, Rockwell Automation, Wonderware",1 McCormick Road,McKees Rocks,PA,15136,(412) 722-0065,www.aigcontrols.com,5,25,0.20,Sarah Chappel,"Director, Marketing & Business",
I,,Advanced Integration Technology,Integrator Guide,2805 E. Plano Pkwy. Suite 100,Plano,TX,75074,(972)-423-8354,www.aint.com,199.3,500,0.40,Ed Chalupa,Chairman & Chief Executive Officer,ait@aint.com
I,,Advanced Machine & Tool,Integrator Guide,3706 Transportation Drive,Fort Wayne,IN,46818,(260)-489-3572,www.amt-corp.com,24.3,83,0.29,Erik Linnemeier ,Vice President,elinnemeier@amt-corp.com
I,,Advanced Machine Automation,Integrator Guide,1024 11th Court West,Birmingham,AL,35204,(205)-581-1234,www.advancedmachineauto.com,1,25,0.04,Randy Hydrick ,President,rhydrick@flowdynamics.net
A,,Advanced Pneumatics Company(a Hartfiel Automation Co.),Yamaha; Camozzi; Universal,9708 Ashley Dawn Court,Fredericksburg,VA,22408,(540) 898-4511,www.advpneumatics.com,50,200,0.25,Mike Kozloff,Regional Manager,mkozloff@advpneumatics.com
I,,CP Group,manufacturer of industrial recycling equipment and waste management systems,6795 Calle De Linea,San Diego,CA,92154,(619)-477-3175,https://www.cpgrp.com/,50.5,180,0.28,Ah Voa,Demolition CEO,
S,,Advanced Green Products," contractor specializing in the design, procurement, and construction (EPC) of commercial, industrial, and utility-scale solar energy projects",2100 NW 21st Ave,Fort Lauderdale,FL,33311,(954) 735-2641,https://www.agt.com/,5,25,0.20,Mike Garvey,Executive Vice President,webmaster@agt.com
I,,Advanced Systems Integrators Ltd,Integrator Guide,1020 West 14 Mile Road,Clawson,MI,48017,(248)-658-1900 ext: 112,www.AdvancedSystems-Inc.com,5,25,0.20,Dave Graziano ,Vice-President,DGraziano@AdvancedSystems-Inc.com
I,,Advanced Technical Services,"Automation, AGV systems, HMI systems",921 Twin Elms Court,Nashville,TN,37210,(615) 456-3350,www.advanced-technical.com,1,6,0.17,Chris Keith,Owner,chris@advanced-technical.com
I,,Advanced Telemetry Systems International,"EATON, USG, SLOAN, COOPERTIRES","43176 Business Park Dr, Ste 108",Temecula,CA,92590,(760) 738-6804,http://atsionline.com/,6.8,34,0.20,Jim LaVine,President & CEO,jim@atsionline.com
I,,AdvanTech Corporation,Rockwell Automation,"20 Just Road, Suite 120,",Fairfield,NJ,7004,(973) 808-8550,www.advantech.com,6,15,0.40,Paula Hauer,President,jim@atsionline.com
A,,Advent Design Corporation,"Engineering, Automation, Robotic Integration, Machine Safety, Stop Time Analyzer",925 Canal Street,Bristol,PA,19007,(215) 781-0500,www.adventdesign.com,17.5,125,0.14,Bill Chesterson,Owner & CEO,
I,,"Advent Electric, Inc.","PLC and HMI programming, control design and fabrication, industrial network design, motion contorl",301 E. Fourth St.,Bridgeport,PA ,19405,(301) 317-0700,http://www.advent-elect.com,5,27,0.19,Howard Korth,President,hkorth@advent-elect.com
I,,"Advint, LLC","Portable rugged field deployable test platforms, rotating equipment testers, FPGA/RF/electronic warfare systems, medical device testers, avionics testers",6880 Tussing Road,Reynoldsburg,OH,43068,(614) 863-2433 ext: 226,www.advint.com,5.3,25,0.21,Paul Salopek ,President & CEO,psalopek@advint.com
I,,"AEC Engineering, LLC",Evironmental/Civil engineering services,1116 S 10th Ave,Edinburg,TX,78539,(956) 380-6558,www.aecengineering.net,6.4,13,0.49,Aaron Ament,CEO,
S,,Aegis Renewable Energy,Renewable energy semiconductor manufacturing,"340 Mad River Park, Suite 6",Waitsfield,VT,5673,(802) 496-5155,https://www.aegis-re.com/,5,14,0.36,Nils Behn,"Chief Executive Officer, President",
I,,"AeroSpec, Inc","Machine vision and integration, precision tooling and fixtures, laser systems, industrial control panels, pilot lines and process development, robotics",505 E Alamo Dr,Chandler,AZ,85225,(480) 892-7195,http://aerospecinc.com/,34.8,70,0.50,Steve Marinella,President,stevem@aerospecinc.com
I,,"AES Controls, Inc.","Rockwell, ABB, CE, FANUC, Inductive, UL, PSI Cognex",8600 Harrison Pike,Cleves,OH,45002,(513) 771-2374,www.aescontrols.com,5,15,0.33,Rick Salerno ,President,rsalerno@aescontrols.com
I,,aeSolutions,"Alarm management, migrations and upgrades, fired equipment, conbustible and toxic gas, machiners safety, process safety, project management, SIS engineering","250 Commonwealth Dr, Suite 200",Greenville,SC,29615,(864) 676-0600,aesolutions.com,12.2,47,0.26,Brian Merriman,President & CEO,
I,,AFC Tool,metal manufacturing,4900 Webster St.,Dayton,OH,45414,(937)-275-8700,www.afctool.com,42.6,83,0.51,Jeff Perry,"VP, Operations",jperry@afctool.com
A,,"Affiliated Control Equipment, Inc.",Industrial automation; Festo; Mitsubishi,640 Wheat Lane,Wood Dale,IL,60191,(630) 595-4680,www.affiliatedcontrol.com,19.9,25,0.80,Ronald Sorrentino,President,
I,,Affinity Energy,"GE Solutions, Microsoft, Schnieder",11900 Sam Roper Dr,Charlotte,NC,28269,(704) 766-2060 x110,https://www.affinityenergy.com/#,1,13,0.08,Allan Evora,President,aevora@affinityenergy.com
I,,"Affinity Engineering, Inc.","Planning and Facility assessments,Water treatment plant operations,Water infrastructure design",106 E 6th Suit 900-111,Rancho Cordova,CA,95742,(916) 613-7582,http://www.affinityengineering.com/,3,20,0.15,Jim Carson,President,jcarson@affinityengineering.com
S,,Affordable Solar,Utility,4840 Pan American E FWY NE,Albuquerque,NM,87109,(505) 305-0278,http://affordable-solar.com/,52,123,0.42,Ryan Centerwall,CEO,
D,,"AFP Industries, Inc.",Parker,7900 Whitepine Rd.,Richmond,VA,23237,(804) 275-1436,www.afpind.com,20.5,87,0.24,Donald Sprague,CEO,
I,,"Agape Collaborations, Inc.",Integrator Guide,3565 North Parkway,Cumming,GA,30040,(770) 355-1687,www.agape-inc.com,1,25,0.04,Steve Powell ,President,swpowell@agape-inc.com
D,,AGI Industries Inc.,Eaton,Highway 90 East,Lafayette,LA,70502,(318) 233-0828,www.agiindustries.com,49.5,176,0.28,David George,Owner,d.george@agiindustries.com
I,,Ai Control Systems,"Control system planning, design, engineering, testing, prototyping",90 Water Street,Reading,PA,19605,(610) 921-9670,www.aicontrols.com,5,28,0.18,Thomas Albright,President,thomasa@aicontrols.com
C,,Air & Hydraulic Equipment Inc.,"Custom machine building, industrial pressing, custom power unit",821 E. 11th St.,Chattanooga,TN,37403,(423) 756-2000,www.aheinfo.com,37.8,56,0.68,Richard LaFollette,President/ CEO,
C,,Air Brake & Power Equipment Co. LLC,Compressed air systems and On/Off road heavy equipment parts,1048 Bakery Rd.,Pottsville,PA,17901,(570) 622-6188,www.airbrakeandpower.com,5,16,0.31,Eddie Taylor,Owner,etaylor@airbrakepower.com
C,,Air Capital Equipment,service compressed air equipment,806 E Boston St,Wichita,KS,67211,(316) 522-1111,www.aircapitalequipment.com,9.2,27,0.34,David A. McGee,President/ Owner,ace@aircapitalequipment.com
C,,Air Centers of Florida/ACF Inc.,compressed air solutions,9311 Solar Dr,Tampa,FL,33619,(813) 621-9671,https://www.aircentersofflorida.com/,100,500,0.20,Andrew Young,CEO,
C,,"Air Centers of South Carolina, Inc.",Ingersoll Rand,1447 South Batesville Rd,Greer,SC,29650,(864) 848-9670,www.aircentersofsc.com,6.9,27,0.26,Karen Bailey,President,
C,,Air Compressor Engineering,air compressors and air system accessories,17 Meadow St,Westfield,MA,1085,(413) 568-2884,www.aircompressoreng.com,11,59,0.19,Russell Klaubert,President,rklaubert@aircompressorengineering.com
C,,Air Compressor Equipment,"Quincy, oil field compressors, industrial compressors, services",3401 Kelly Hwy,Fort Smith,AR,72914,(479) 783-6181,www.acec-ark.com,7.4,25,0.30,Johnny Jones,President/ Owner,jsjones@acec-ark.com
C,,Air Compressor Sales Inc.,"Gardner Denver, FSELLIOT, DOOSAN, AIRCEL",5490 Thomaston Rd,Macon,GA,31220,(478) 474-8460,www.aircompsales.com,7.4,25,0.30,Bob Lee,President,blee@aircompsales.com
C,,Air Compressor Service (aqcuired by Northwest Pump),"Sullair, Blackmer, Champion, beko Technologies, Manchester Tank, Parker, EnergAir, Samuel Pressure Vessel Group",1420 80th St. SW Suite E,Everett,WA,98203,(425) 290-1888,https://www.nwpump.com/about-us/locations/air-compressor-service-washington/,5,25,0.20,Rick Smith,Owner,
C,,Air Compressor Solutions,Ingersoll Rand,3001 Kermit Hwy,Odessa,TX,79764,(432) 335-5900,www.acsir.com,7.3,25,0.29,Brain Stubbs,President/Owner,brian_stubbs@acsir.com
C,,Air Compressor Supply,"Gardner Denver, Howden, Bekomat",3916 S. I-35 Service Rd.,Oklahoma City,OK,73129,(405) 672-0382,www.aircompressorsupply.com,5,25,0.20,Randy Coit,Owner,
D,,Air Engineering & Supply,"Parker, Pneumatics, automation, process and instrumentation, custom components, robotics",7521 Commerce Ln,Fridley,MN,55432,(612) 332-4181,www.airengr.com,3,15,0.20,Dave Maurer,President,david@airengr.com
C,,Air Equipment Co,Gardner Denver,2350 S. Orchard St.,Boise,ID,83705,(208) 342-2464,www.airequipco.weebly.com/,5,25,0.20,Jann Osterburg,Owner,
C,,Air Equipment Sales & Service,Quincy,109 Armco Blvd,Ashland ,KY,41105,(606) 329-9500,www.airequipmentsales.com,5,25,0.20,Keith Stone,Owner,kstone@airequipmentsales.com
C,,Air Handling Equipment Inc,"Gardner Denver, compressed air solutions",1389 Riverside Dr,Sidney,OH,45365,(937) 492-5331,www.ahequip.net,6.9,25,0.28,Doug Barhorst,President,
F,,Air Hydraulics Company,Goodyear,8170 Zionsville Rd.,Indianapolis,IN,46268,(765) 560-3684,www.advantagefluidsystems.com,1,10,0.10,Doug Hodgdon,Owner,
D,,Air Hydro Power Inc.,Parker; Kawasaki; Mitsubishi,2550 Blankenbaker Pkwy.,Louisville,KY,40299,(502) 451-1000,www.airhydropower.com,65,200,0.33,Thomas McGuire,Owner,tmcguire@airhydropower.com
C,,"Air Industrial Resource, Inc.",Sullair,5015 Raytown Rd.,Kansas City,MO,64133,(816) 356-6600,www.compressors.com,10,50,0.20,Sam Rutherford,President/ CEO,prez@compressors.com
C,,Air- Mach Inc.,Sullair,2345 Delaware Ave.,Des Moines,IA,50317,(515) 263-8880,www.airmach.com,1,10,0.10,Marty Brooker,Owner,mlbrooker@airmach.com
C,,Air- Mach Inc.,Sullair,2345 Delaware Ave.,Des Moines,IA,50317,(515) 263-8880,www.airmach.com,1,10,0.10,Ryan Brooker,President,rlbrooker@airmach.com
D,,"Air Power, Inc.",SMC,1430 Trinity Ave.,High Point ,NC,27260,(336) 886-5081,www.airpower-usa.com,50,175,0.29,"William Ball, Jr.",President/ Owner,w.balljr@airpower-usa.com
C,,Air Services Company,Gardner Denver,211 Seegers Ave.,Elk Grove Village,IL,60007,847-725-2100,www.airservicesco.com,10,35,0.29,Ken Byrd,Owner,kbyrd@airservicesco.com
D,,"Air Specialists Worldwide, Inc.",Parker,1675 Larkin Williams Rd.,Fenton,MO,63026,(636) 326-5900,www.airspec.com,5,15,0.33,John D. Hirlinger,President ,jhirlinger@airspec.com
C,,Air Systems LLC,Ingersoll Rand,4512 Bishop Lane,Louisville,KY,40218,(502) 452-6312,www.airsystems-llc.com,20,50,0.40,Alan Steiden,President/ Owner,asteiden@airsystems-llc.com
D,,Airline Hydraulics Corporation,Bosch Rexroth,3557 Progress Drive,Bensalem,PA,19020,(215) 638-4700,https://www.airlinehyd.com/,300,272,1.10,Mark Steffens,Chief Executive Officer,msteffens@airlinehyd.com
C,,Airtek Inc.,Gardner Denver,76 Clair St,Irwin,PA,15642,724-863-1350,www.air-tek.com,7.9,21,0.38,Robert Whisner,President,
F,,AIS Construction Equipment Corp.,Goodyear; Kuriyama,6074 Baumgartner Industrial Dr.,St. Louis ,MO,63129,(314) 487-9100,https://www.airhydraulics-fasteners.net,5,10,0.50,Tom Moore,Owner,
I,,AIV Solutions,Integrator Guide,6553 Star Ct.,Laredo,TX,78040,(713) 219 9830,www.aitecsys.com,1,25,0.04,Arturo Zuniga,Senior Automation Engineer,
D,,Alabama Bolt Supply,"hydraulics, pneumatics, hose and fittings, and industrial fasteners",630 Air Base Boulevard,Montgomery,AL,36108,(334) 269-9560,https://www.airhydropower.com/alabama-bolt-and-supply,8,25,0.32,Smokey Rigdon,President ,srigdon@albolt.com
I,,AIV Solutions,"Rockwell Automation, ABB, DeltaV","20,000 Horizon Way, Suite 100",Mt. Laurel,NJ,8054,(856) 234-2806,http://www.aivsolutions.com/,3,17,0.18,Arch Chawla,Manager-Automation,achawla@aivsolutions.com
I,,"Aladdin Engineering & Manufacturing, Inc.",designed and built custom machines and systems for major players,1100B South Prairie Avenue,Waukesha,WI,53186,(262)-544-5994 ext: 209,www.aladdinengmfg.com,5,25,0.20,Edward Horn ,Sales Manager,echorn@AEM-Aladco.com
D,,Alaska Hydraulics Inc.,fluid power company,568 E Whitney Rd,Anchorage,AK,99518,(907) 486-5970,www.alaskahydraulics.com,3,30,0.10,Thomas Loran,Owner,tloran@alaskahydraulics.com
I,,Alandia Engineering,"Automation, Instrumentation and Integration","11555 Heron Bay Blvd, Suit 200",Coral Springs,FL,33065,(195) 420 52292,www.alandiaengineering.com,5,25,0.20,Acacio A. da Costa Almeida ,Instrumentation and Automation General Manager,acacio.costa@alandiaengineering.com
I,,Alaska Power & Telephone (AP&T),"Delivery of Clean Renewable Energy, Local & Long Distance Calling Services, High Speed Broadband Services, Data Transport & Backhaul Network Services, Mountain Top Space & Power Availability, and WiFi",3000 Vintage Blvd,Juneau,AK,99803,(907) 789-1951,https://www.aptalaska.com/,29,153,0.19,Bob Grimm,CEO,bob.g@aptalaska.com
N,,Alco Manufacturing,"NAHAD,Brochure",5811 Old Seward Highway,Anchorage,AK,99518,(907) 562-2200,www.alaskarubber.com,25,120,0.21,Janeece Higgins,President/ CEO,jhiggins@alaskarubber.com
M,,ALE Hydraulic Machinery Company,Hydraulic Machinery Compan,6215 Airport Rd.,Jackson,PA,19057,215-547-3351,www.alehydraulic.com/,2,33,0.06,-,,
I,,Albireo Energy, provider of technology solutions optimizing performance and reliability,12575 Kirkham Ct.,Poway,CA,92064,(858) 513-1911,https://www.albireoenergy.com/,138,800,0.17,Phil Rogers,CEO,progers@albireoenergy.com
D,,All Air Incorporated,distributor of pneumatic and electronic automation components.,175 Clearbrook Rd.,Elmsford,NY,10523,(914) 347-2445,www.allair.com,10,20,0.50,Cliff Steinkamp,President,csteinkamp@allair.com
F,,All Hose & Specialty,"Gates,Brochure",651 A 1 South Drive Sw,Grand Rapids,MI,49548,(616) 530-0858,www.aisequip.com,13,80,0.16,Larry Behrenwald,Owner,lbehrenwald@aisequip.com
C,,"All Type Compressor Service Company, Inc.",Ingersoll Rand,1712 North Main St.,Dupo,IL,62239,(618) 286-5269,www.alltypecompressor.com,10,20,0.50,Robert Layton,President,alltype@htc.net
N,,All-Serv Industrial,"industrial hoses, supplies, and custom fabrication",3221 Petro Drive,Sulphur,LA,70665,(337) 882-5100,www.allservindustrial.com,10,20,0.50,Mike Kelly,Owner,mkelly@allservindustrial.com
N,,"All Valley Hose & Industrial Supply, LLC","source for all of your brass and steel fittings and adapters, hose, and custom hose assembly needs",6549 North Orange Blossom Trail,Orlando,FL,91406,(877) 778-HOSE,www.allvalleyhose.com,2,10,0.20,Perry Voogt,Partner,pvoogt@allvalleyhose.com
I,,"Allan Integrated Control Systems, Inc.",Integrator Guide,PO Box 1082,Chardon,OH,44024,(216)-373-3606,www.all-controls-corp.com,1,25,0.04,James Hartory ,CEO,j_hartory@all-controls-corp.com
D,,Allen & Webb Company,"hydraulic, pneumatic, power transmission, and material handling component sales and service",3127 Rivers Ave,North Charleston,SC,29405,(843) 747-7321,www.allenwebb.com,6,35,0.17,Charles Swicord,President/ Owner,cswicord@allenwebb.com
M,,Alkon Corporation,"multinational manufacturer and global supplier of superior quality valves, fittings and flow controls",728 Graham Dr,Fremont,OH,43420,(419) 333-7000,www.alkoncorp.com,30,150,0.20,Daniel Starkweather,National Sales Manager,daniels@alkoncorp.com
M,,Allenair Corporation,"pneumatic & hydraulic cylinders, solenoid valves, rotary index tables, linear pumps, cylinder checks & cylinder mounts manufactured for food & corrosive liquid handling",728 Graham Dr,Fremont,OH,11501,516-747-5450,www.allenair.com,13.2,100,0.13,Ronald Butner,,info@allenair.com
I,,Allan ICS,deliver complex mission-critical automation systems,2021 Beulah Ave.,East Troy,WI,53120,(262) 642-7800,http://www.allan-ics.com/,4,22,0.18,Ann Zess,President,azess1@wi.rr.com
N,,Alliance Hose & Rubber,"NAHAD,Brochure","16735 Saticoy St., #107",Van Nuys,CA,91406,(877) 778-HOSE,www.allvalleyhose.com,2,10,0.20,Randy Voogt,Partner,rvoogt@allvalleyhose.com
I,,"Alliance Automation & Control, Inc",automation design solutions,287 Tracey Lane,Rogersville,AL,35652,(256)-247-1898,www.alliance-automation.com,1,25,0.04,Larry Evans ,Sr. Electrical Engineer/Owner,levans@alliance-automation.com
A,,Allied Automation,Festo; Mitsubishi; ReThink,5220 East 64th St.,Indianapolis,IN,46620,(800) 214-0322,www.allied-automation.com,10,50,0.20,Greg Dill,President,gregd@allied-automation.com
I,,Allied Controls LLC,complete turnkey control system integration and technical services,611 Garfield Ave,West Point,PA,19486,(215) 699-2855,http://www.alliedcontrol.com/,4,25,0.16,Paul Mamzic, ,pmamzic@alliedcontrol.com
F,,Allied Hose & Belting Company,,5425 Highway 90 East,Broussard,LA,70518,(337) 837-4673,www.allhose.net,10,10,1.00,Mba Octave,Director,soctave@ghxinc.com
F,,Allied Hose & Belting Company,"products ranging from hoses, to gaskets, to belting, and more",5444 Hwy 70,West Waverly,TN,37185,(731) 424-2050,www.alliedhoseandbelting.com,5,15,0.33,David Oesch,President/ Owner,
N,,Alliance Hose & Rubber Co,"NAHAD,Brochure",945 N Larch Ave.,Elmhurst,IL,60126,(866) 666-5030,www.alliancehose.com,4,25,0.16,Dave Heckler,President,dheckler@alliancehose.com
D,,Allied Supply Company,"wholesale distributor of heating, ventilating, air conditioning, refrigeration, air filtration and building management controls",1100 East Monument Ave.,Dayton,OH,45402,(937) 224-9833,www.alliedsupply.com,50,100,0.50,Thomas Homan,President/ CEO,tomh@alliedsupply.com
I,,Allied Controls LLC,full-service system integrator,70 Hi-Line Drive,Union,MO,63084,(314) 415-2187,http://www.alliedcontrolsllc.com/,0.46,3,0.15,Jerry Skoch,Owner,jskoch@alliedcontrolsllc.com
N,,Allied Rubber & Supply Co,hoses and fittings,107 Hindman Ln,Butler,PA,16001,(724) 482-2965,www.alliedrubber.com,4,20,0.20,David Marki,VP / General Manager,dmarki@alliedrubber.com
I,,Allied Technology,designing and building custom machinery,"2150 West 6th Ave., Suite P",Broomfield,CO,80020,(303) 931-0277,www.allied-technology.com,10,50,0.20,Michael Halley,President/ Owner,mikehalley@allied-technology.com
I,,Alpha Integration Systems,"Pipeline Construction, Oil and Gas Facilities, I&E, Oil Field Automation, Refinery Automation, Oil and Gas Plant Automation, UL Listed Panel Shop, Process Equipment Manufacturing, Pipeline Maintenance, Facility Maintenance, and Complex Control Panel Manufacturing",Corpus Christi TX,Corpus Christi,TX,78409,(361) 241-6812,www.aisyst.net,2,12,0.17,Patrick Frasier,President,pat@aisyst.net
I,,"Alpha Technical Group, Inc","process piping & instrumentation design, electrical & control system design, civil/structural design for equipment support structures and foundations, and heavy civil and structural design of marine and rail facilities and structures. Projects often involve software programming for plant computers and programmable controllers (PLC) in process plant controls.",2929 NW 29th Ave,Portland,OR,97210,(503) 227-3317,http://alphatechnicalgroup.com/,7,25,0.28,Brandon Carter,Vice President - Control Systems Specialist,bdcarter.atgi@gmail.com
I,,Alpha-Tran Engineering,Integrator Guide,12575 Cleveland Street,Nunica,MI,49448,(616)-837-7341,www.alpha-tran.com,1,25,0.04,Allen LeMieux ,Administration/Sales,adlemieux@Alpha-Tran.com
I,,"Alpine Technology, Inc.",Integrator Guide,PO Box 160878,Austin,TX,78716,(512) 328-5829,www.alpinetechnology.com,13.6,30,0.45,Peter Brady ,President,
S,,Alta Energy Services,Commercial,140-A Old Oxford Valley Rd,Langhorne,PA,19047,(267)-294-7799,http://alienfuelsolar.com/,1,4,0.25,Robert V. Petrosky,Vice President,
I,,Alta Vision Systems,Integrator Guide,7 Pequot Park Rd Suite 101,Westbrook,CT,6498,(860)-604-5808,www.altavisionsystems.com,1,25,0.04,Stephen Bergeron ,President,sbergeron@altavisionsystems.com
I,,"Altair Industries, Inc.",Integrator Guide,"217 Racquette Dr, #5",Fort Collins,CO,80524,(970)-217-1623,www.altairindustriesinc.com,1,25,0.04,,,
I,,"Altavista Instruments and Controls, Inc.","PLC Programming, Instrument Installation,Troubleshooting & Repair","1510 Main Street, STE 101",Altavista,VA,24517,(434) 369-6089,http://www.aic-company.com/,4,21,0.19,Jim Wertz,President,jim.wertz@aic-company.com
S,,Alten Energy,Solar Contractor,1333 S Miami Ave,Miami,FL,33130,(844) 654-9346,http://altenenergy.us/,5,25,0.20,Jean David,Founder,
I,,Alterman Electric,"PLC Programming, Instrument Installation,Troubleshooting & Repair","1510 Main Street, STE 101",Altavista,VA,24517,(434) 369-6089,http://www.aic-company.com/,4,21,0.19,Jim Wertz,President,jim.wertz@aic-company.com
S,,Wtec,Utility,"777 Terrace Avenue, Suite 101",Hasbrouck Heights,NJ,7604,(201) 242-9906,http://wtecenergy.com/,64.9,267,0.24,Sherie Cho,COO,
S,,Alternative Energy Services,Commercial,"1417 Chaffee Drive, Suite 1",Titusville,FL,32780,(407)-379-1710,https://www.alternativeenergyservicesinc.com/,5.4,25,0.22,Bob Cavaliere,,
I,,"Altronex Control Systems Division of L.W. Allen, LLC","Pumps: Fairbanks Morse, Hydromatic, Netzsch, and Penn Valley",4633 Tompkins Dr,Madison,WI,53716,(608) 222-8622,http://www.lwallen.com/,8,32,0.25,Jim Cook,President,jcook@lwallen.com
I,,"Altronic Controls, Inc",Ignition and Control Systems,712 Trumbell Ave,Girard,OH,44420,(330) 545-9768,www.altronic.com,126.9,25,5.08,Johnny Dyes,President,
D,,Alufab Inc.,Bosch ,1018 Seabrook Way,Cincinnati,OH,45245,(513) 528-7281,www.alufabinc.com,5,10,0.50,Doug Nimmo,President,
D,,Am- Dyn- Inc. Fluid Power Inc.,Hydraulic and Pneumatic Power Needs,25340 Terra Industrial Dr.,Chesterfield,MI,48051,(586) 949-6860,www.adifp.com,9.2,32,0.29,Bart Durasa,President,bart@adifp.com
N,,Amazon Hose & Rubber Company,"NAHAD,Gates,Brochure",20 N. 48th Ave,Phoenix,AZ,85043,(602) 269-6900,www.alternativehose.com,5,20,0.25,John Fuller,CEO,john@alternativehose.com
N,,Amazon Hose & Rubber Company,"NAHAD,Brochure",4105 Seaboard Rd.,Orlando,FL,32808,(407) 843-8190,www.amazonhose.com,15.3,68,0.23,James A. Donlin,President,jimdonlin@amazonhose.com
I,,Ambassador Controls and Engineering,"PLC Programming, Hardware Design for Industrial Automation, Custom Software, Electrical Enclosure Design, Robotics, HMI Programming, and RFID",1506 Briar Meadow Dr,Keller,TX,76248,(214) 783-4175,http://ambassadorcontrols.com/,5,25,0.20,Laura Thomas,President,laura.thomas@ambassadorcontrols.com
I,,Amber Waves Integration,"Rockwell Automation, Amber Waves Electronics, Inductive Automation",11 South Ave W,Richardton,ND,58652,(701) 974-4230,https://www.awintegration.com/,1,6,0.17,Kalvin Hoff,President,sales@amberwavesinc.com
A,,AMCS Corp.,"Industrial Gas and Process Plants, Technology and Engineering Services",135 US Highway 202-206,Bedminster,NJ,7921,(908) 429-2100 x236,www.@amcscorp.com,5.7,25,0.23,Catherine Lassi,CFO,
I,,American Automation Inc.,Integrator Guide,7230 Winderweedle Rd.,Shreveport,LA,71129,(318)-686-1600,www.AmericanAutomationInc.net,1,25,0.04,Brian Payne ,Owner,Bpayne@americanautomationinc.net
R,,"American Equipment Company, Inc",Duroflow; Lamson,3905 Frutridge Ave.,Terre Haute,IN,47805,(812) 234-0404,www.poweredequipment.com,5,25,0.20,Lee Shipley,President,lshipley@poweredequipment.com
I,,American Mine Research Inc,"Rockwell, Wonderware,Thermofisher, Howden, Inductive",12187 N Scenic Highway,ROCKY GAP,VA,24366,(276) 928-1712,https://www.amrpemco.com/,25.1,126,0.20,David Graf,President,dgraf@amr-sales.com
N,,American Pump,"NAHAD,Brochure",13528 Lake Drive NE,Columbus,MN,55025,(763) 717-0537,www.americanpump.com,6.8,25,0.27,Steve Friemuth,Sales Manager,steve@americanpump.com
I,,American System Controls and Integration,Rockwell & Inductive Automation,"1012 11th Street, Suite 103",Modesto,CA,95354,(209) 593-1176,http://americanscii.com/,5,25,0.20,Eric Houston,CEO,ehouston@americanscii.com
I,,"AmeriChem Systems, Inc.",Integrator Guide,1740 Molitor Rd,Aurora,IL,60505,(630) 495-9300,www.americhemsystems.com,10.9,25,0.44,Dan Wagner ,President,dwagner@americhemsystems.com
I,,"Amistar Automation, Inc.",Integrator Guide,28373 Feliz Valdez B1,Temecula,CA,92590,(760) 471-1700,www.amistarautomation.com,5,25,0.20,Richard Geisz,"Vice President, Operations",
N,,Amphenol Nelson- Dunn Technologies,"NAHAD,Brochure",17707 Valley View Ave.,Cerritos,CA,90703,(714) 249-7700,www.amphenol-ecs.com,75,100,0.75,John Warren,General Manager,jwarren@amphenol-ecs.com
I,,AMR PEMCO,"Rockwell, Wonderware,Thermofisher, Howden, Inductive",12187 N Scenic Highway,Rocky Gap,VA,24366,(276) 928-1712,https://www.amrpemco.com/,25.1,126,0.20,David Graf,President,dgraf@amr-sales.com
I,,Amtec Solutions Group ( ASG ),Integrator Guide,4808 Bradford Drive NW,Huntsville,AL,35805,(256)-319-6290,www.AmtecSolutionsGroup.com,5,25,0.20,Chris Wooten,Lead Project Engineer,
I,,Amtech Tool & Die,Integrator Guide,14135 W. Kostner Lane,New Berlin,WI,53151,(262) 821 2110,www.amtechtool.com,1,25,0.04,Rick Bruening ,Owner,rick@amtechtool.com
I,,Amteck of Kentucky,Integrator Guide,1387 E New Circle Rd Ste 130,Lexington,KY,40509,(859) 255-9546,www.amteck.com,383.3,603,0.64,Daren Turner ,President,dturner@amteck.com
D,,Anastas Controls Company,Parker,8021 Ruck Dr.,Belleville,IL,62223,(618) 398-1700,www.anastascontrols.com,5,25,0.20,George Anastas,President,tech@anastascontrols.com
I,,Anchor Electric Contracting Corp,"Programmable Automation, Control Systems Integrator, Control Panel Fabricator, Industrial Automation, Instrumentation and Controls Contractor",7600 Pontrelli Place,Missoula,MT,59808,(406) 251-3166,https://www.anchorelectricmt.com/,6.1,25,0.24,Paul Lindstrom,Owner,paul@anchorlt.com
N,,"Anco International, Inc.",Fluid Transfer Couplings,19851 Cajon Blvd,San Bernadino,CA,92407,(909) 887-2521,https://www.ancointernational.com/,5.7,25,0.23,John Douglas,CFO,
I,,"Anderson Electric Controls, Inc.",Power Conversion Devices,8639 S 212th St,Kent,WA,98031,(253) 395-3003,www.aecontrols.com,7.6,28,0.27,Gary Anderson,President,
M,,"Anderson Metals Corporation, Inc.",Mining and Metals,1701 Southern Rd,Kansas City,MO,64120,(800) 821-5672,www.andersonmetals.com,30.6,25,1.22,Gail Carruth,Controller,
N,,Anderson Process,"NAHAD,Brochure",P.O. Box 523,Brookfield,WI,53045,(262) 784-3340,www.andersonprocess.com,111.1,123,0.90,Greg Michael Domino,CEO,gdomino@andersonprocess.com
F,,ANS Distributing,Petroleum equipment,407 South 107th Ave.,Tolleson,AZ,85353,(877) 267-3478,www.ansdistributing.com,10,67,0.15,Herve Durand,CEO,
I,,Anvil Corporation,Integrator Guide,1675 W. Bakerview Rd.,Bellingham,WA,98226,(360) 671-1450,www.anvilcorp.com/,46.8,224,0.21,Dena Lund,CEO,
N,,Apache (Motion Industries),"NAHAD,Brochure",4805 Bowling Street SW,Cedar Rapids,IA,52404,(866) 757-7816,www.apache-inc.com,29.4,135,0.22,Kyle Gingrich,VP,
I,,APCO,"Rockwell,Honeywell,DeltaV,Yokogawa,Siemens,GE,Schneider,Opto 22,Matrix,Modicon,Bailey,Foxboro,Control Microsystems,plus more",710 S Redwood Road,Salt Lake City,UT,84054,(801) 519-9500 x101,http://www.apco-inc.com/,3.3,18,0.18,Dale Smith,President,dale.smith@apco-inc.com
I,,Apex Controls Specialists,"Integrator Guide, extrusion automation, module control systems",5521 Industrial Road,Mt. Vernon,IN,47620,(812) 838-0148,www.acs-mtv.com,5,25,0.20,Jeff West,Manager,jwest@apex-engineering.com
I,,"Apex Controls, Inc","FANUC, Rockwell Automation, UL",3566 Highland Dr,Hudsonville,MI,49426,(616) 669-5111,http://www.apexcontrols.cc/,9.4,37,0.25,Mike TeBos,President/owner,mtebos@apexcontrols.cc
I,,APEX Manufacturing Solutions,"Software Toolbox, Rockwell Automation",300 E mallard Dr,Boise,ID,83706,(208) 344-5535,http://www.apexmfgsolutions.com/,5,15,0.33,Marya Woods,President,marya.woods@apexmfgsolutions.com
N,,APG/Ever-Tite,"NAHAD,Brochure",4805 Bowling Street SW,Cedar Rapids,IA,52404,(866) 757-7816,www.apache-inc.com,30,150,0.20,Steven R. Fournier,VP Business Development,steve.fournier@apache-inc.com
C,,"APO Pumps & Compressors, Inc.","Ingersoll Rand, pump and compressors",6607 Chittenden Rd.,Hudson,OH ,44230,(330) 422-6550,www.apopc.com,22.8,95,0.24,Ted Mailey,President,ted.mailey@apopc.com
N,,Apollo International Corporation,"NAHAD,Brochure, cargo hose, stainless steel and industrial hose, tank cleaning, expansion joins, gaskets, fire safety",1566 Richmond Terrace,Staten Island,NY,10310,(718) 273-7300,www.apollointl.com,16.1,25,0.64,Tom Otrok,CEO,
F,,"Appalachian Fluid Power, Inc.",Goodyear; Kawasaki,3364 PA-31,Acme,PA,15610,(724) 593-8333,www.appalachianfluidpower.com,1,2,0.50,Dale Knopsnider,Vice President,dalek.afp@gmail.com
I,,Applewood Controls Inc.,Rockwell Automation,13 Groton-Harvard Rd,Ayer,MA,1432,(978) 486-9220,http://www.applewoodcontrols.com/,4,22,0.18,Randy Furmanick,President,randyf@applewoodcontrols.com
A,,"Applied Automation Controls, Inc.","automation components, controls",1240 Wolf Street,Syracuse,NY,13208,(315) 453-5670,www.appliedautomation.com,6.3,25,0.25,Thomas Swenton,President,tswenton@appliedautomation.com
I,,Applied Control Engineering Inc. - Rocky Mountain,Rockwell Automation,"4704 N Harlan St, Suit 511",Denver,CO,80212,(720) 260-4971,www.ace-net.com,21.3,126,0.17,"Ian P. Burns, P.E., CFSP",President,burnsi@ace-net.com
I,,"Applied Control Systems, Inc.","Wonderware, Rockwell Automation ,ABB",426 S. Main St.,Pittsburgh,PA,15220,(412) 921-3226,www.appliedcontrolsystems.com,4,22,0.18,Rich Velan,President,rich@acspit.com
I,,"Applied Control Technologies, Inc.",Integrator Guide,810 Dutch Square Boulevard Suite 395,Columbia,SC,29201,(803) 731-5544,www.actsc.com,5,25,0.20,Russell Tomlinson ,President,russell.tomlinson@actsc.com
A,,"Applied Controls, Inc.",Parker; Siemens; Universal,47 General Warren Blvd.,Malvern,PA,19355,(610) 408-8000,www.appliedc.com,17,35,0.49,Rick Gehring,President/ CEO,r.gehring@appliedc.com
R,C,Applied Dynamics Corporation,"Siemens, Baldor, Danfoss, electric motor services,",38 Butternut St,Greenfield,MA,1301,(413) 774-7268,http://applied-dynamics.com/,9.2,34,0.27,Mike Hogan,CEO,
I,,Applied Electronics Corporation,Integrator Guide,810 Dutch Square Boulevard Suite 395,Columbia,SC,29201,(803) 731-5544,www.actsc.com,1,25,0.04,Russell Tomlinson ,President,russell.tomlinson@actsc.com
F,,"Applied Energy Company, LLC",Fluid power,2650 Merritt Rd,Sachse,TX,75048,(214) 355-4200,www.appliedenergyco.com,36,69,0.52,Claude Badgett,President/Owner,
I,,"Applied Engineering Solutions, Inc. (aeSolutions)","Alarm management, migrations and upgrades, fired equipment, conbustible and toxic gas, machiners safety, process safety, project management, SIS engineering","250 Commonwealth Dr, Suite 200",Greenville,SC,29615,(864) 676-0600,aesolutions.com,12.2,47,0.26,Brian Merriman,President & CEO,ken.omalley@aesolns.com
D,,Applied Fluid Power Industries Inc. (AFP),Deison; Parker; ,7900 Whitepine Rd,Richmond,VA,23237,(804) 275-1436,www.afpind.com,50,60,0.83,Richard Kish,Prseident,r.kish@afpind.com
I,,Applied Industrial Controls,"Industrial Motor Controls, Drives, Water/Wastewater Variable Frequency Drives, and Firetrol Products","1860 S Lee Ct NE,",Buford,GA,30518,(770) 614-7022,http://www.aic-controls.com/,6,32,0.19,Bill Cousar,Principal,bill@aic-controls.com
I,,Applied Intelligence Corporation,Integrator Guide,10676 Pleasant St,Noblesville,IN,46060,(317) 849-7483,www.appliedintelligencecorp.com,4,12,0.33,Dan Wittekind,Owner,
A,,"Applied Machine & Motion Control, Inc. (Motion Ai)",Yaskawa; Exor,1491 Dixie Highway,Park Hills,KY,41011,(844) 655-2662,ai.motion.com,5.3,25,0.21,Credo Amouzouvik,CEO,
I,,Applied Manufacturing Technologies,"Siemens, Rockwell Automation",219 Kay Industrial Drive,Orion,MI,48359,(248) 409-2000,www.appliedmfg.com,25.2,120,0.21,Michael Jacobs,President,michael.jacobs@appliedmfg.com 
I,,"Applied Motion Systems, Inc.",Integrator Guide,1450 NE 138th Ave,Vancouver,WA,98684,(360) 253 4810,www.appliedmotionsystems.com,13.4,63,0.21,Ken Brown ,CEO,kbrown@appliedmotionsystems.com
I,,APQ Engineering,Rockwell Automation,211 Aspen Ave S,Menahga,MN,56464,(218) 564-7832,http://www.apqengineering.com/,1.2,6,0.20,Aaron Lehto,Owner,alehto@apqengineering.com
I,,"Aqua Sierra Controls, Inc.","Wonderware, Inductive",1650 Industrial Dr,Auburn,CA,95603,(530) 823-3241,http://www.aquasierra.com,4,25,0.16,Les Watson,President,lwatson@aquasierra.com
I,,Aquacare Environment Inc,"Fish Farming Tanks, Fish Feeding Systems, Aquaponics, Aquacare Radial Flow Separator,Aquacare Microscreen Filters, Aquacare Biofilters, Oxygenation in Commercial Fish Farms – OxyFlow®, Fish Farming Pumps, Internet-Based Monitoring & Control, Waste-to-Energy Systems, Wetland Effluent Treatment Systems, MxCell",708 Coho Way,Bellingham,WA,98225,(360) 734-7964,https://aquacare.com/,6.3,10,0.63,Henning Gatz,President,hgatz@aquacare.com
I,,Arapahoe Controls,"Electrical control panel design and fabrication, Ladder logic programming, HMI screen development, Domestic and International electrical construction management ",12470 York St. Unit 10,Eastlake,CO,80614,(303) 902-8789,https://www.arapahoecontrols.com/,5,25,0.20,Tim Martin,Controls Owner,tmartin@arapahoecontrols.co
I,,Arc Electrical Contractors,Integrator Guide,7208 Dungan Rd.,Philadelphia,PA,19111,(267)-303-2163,www.arcelectricalcon.com,1,25,0.04,Mark Burkhardt ,President,arcelectricalcon@aol.com
I,,ARC Engineering Solutions,"Industrial Automation, Material Handling, Motion Control, Robotics, Programming, Conveyor, ASRS, SCADA, Inductive Automation, Phoenix Contact, Rockwell Automation, Siemens, Parker, Fanuc, Systems Integration, Controls Engineering, Industrial Networks, Project Management, and WBENC",815 E Grand River Ave Suite B,Howell,MI,48843,(855) 762-6846,https://www.arcengsolutions.com/,1,6,0.17,Heather Ruby,CEO,hruby@arcengsolutions.com
I,,"ArchonWest Technologies, Inc.",Integrator Guide,5315 N barranca Ave,Covina,CA,91722,(888) 824-2320,www.archonwest.com,5,25,0.20,Juan Carlos Flores ,President & Principal Software Engineer,
I,,ArcSine Engineering,Integrator Guide,950 Executive Way,Redding,CA,96002,(530) 222-7204,www.arc-sine.com,5,25,0.20,Doug McHaney,CEO,
I,,Arcweb Technologies,"Product strategy, digital product development, integrated development teams",234 Market St. 5th floor,Philadelphia,PA,19106,(800) 846-7980,arcwebtech.com,6,25,0.24,Christopher Cera,CEO,
I,,"Areias Systems, Inc","Brochure,MDR",1701 Southern Rd P.O. Box 34200,Kansas City,MO,64120,(816) 471-2600,www.andersonmetals.com,20,100,0.20,Keith S. Anderson,Co- President,keith@andersonmetals.com
M,,Argo- Hytos Inc.,"UL508A Electro-Mechanical design and manufacturing, NFPA79, and IEC60204","5900 Butler Ln, Ste 280",Scotts Valley,CA,95066,(831) 440-9800,https://areiasys.com/,18,97,0.19,Clemm Noernberg,"Founder, CEO",cle.noe@areiasys.com
C,,Arizona Pneumatic,Integrator Guide,"2801 Queenstown Rd., Suite 109",Birmingham,AL,35173,(205)-588-8008,www.arielsys.com,1,16,0.06,George Mann ,Engineering Manager,teresaj@arielsys.com
I,,Arkansas Industrial Computing,Atlas Copco,3804 N. Nona St,North Little Rock ,AK,72118,501-758-2745,www.aimcompanies.com,5,9,0.56,Andy Fowler,President,andy.fowler@aimcompanies.com
C,,Arkansas Industrial Machinery,Integrator Guide,6100 Getty Drive Suite N,Sherwood,AR,72117,(877).834.9540,www.aicomputing.com,1,73,0.01,Tim Epperson,President,
I,,Arkk Engineering,"PC Based Control Systems,Robotic Systems,Vision Systems,PLC, HMI and Motion Control,Servo and CNC Drive Systems,Conveying Systems,Panel Build,Pipe and Wire,Embedded Controls,Business Analytics Software / ERP Integrations",14251 Eleven Mile Rd,Oak Park,MI,48237,(248) 548-7050,http://www.arkkeng.com/,7,35,0.20,Kevin Kerwin,President & Chief Executive Officer,kevinkerwin@arkkeng.com
I,,"ARM Automation, Inc",delivers custom-engineered equipment and automation solutions ,14121 W Hwy 4 290,Austin,TX,78737,(512) 894-3534,www.armautomation.com,5,27,0.19,Stephen Grupinski,President / CEO,
A,,ARM Ener-Tech Associates,"electrical and mechanical engineering, automation and electric power distribution services to a broad array of industrial, transportation, energy and commercial clients.",4755 Linglestown Road,Harrisburg,PA,17112,(717) 657-9011,www.armenertech.net,5,30,0.17,Bob Yohe,President,robert.yohe@armenertech.net
N,,"Armstrong Hydraulic Service, Inc.",planned maintenance on the hydraulic powered Winches and Cylinders,"3930 Knowles Avenue, Suite 305",Kesington,MD,20895,(301) 949-4400,www.ximplesolution.com,5,10,0.50,Mike Patel,,mpatel@ximplesolution.com
I,,Arnold Machine Inc.,Integrator Guide,14141 W Hwy 290 Suite 700,Austin,TX,78737,(512)-894-3534,www.armautomation.com,10,60,0.17,Derek Black ,Vice President,dblack@armautomation.com
I,,ARPAC,Integrator Guide,19 Heritage Dr.,Tiffin,OH,44883,(419)-443-1818,www.arnoldmachine.com,2.21,32,0.07,Zach Arnold,President,
S,,Arraycon,Commercial,1143 Blumenfeld Dr Ste 200,Sacramento,CA,95815,(615) 813-9400,http://ariesenergy.com/,8.8,54,0.16,Gregory L. Bafalis,Chief Executive Officer,
I,,"Arrel Enterprises,Inc.",Integrator Guide,2800-H Bob Wallace Avenue,Huntsville,AL,35805,(256) 534-5853,http://www.arrelenterprises.com/,5,14,0.36,Richard R. Lattanzi ,President,arrel@traveller.com
I,,"Arseal, LLC",Integrator Guide,4395 W Post Rd Ste 100,Las Vegas,NV,89118,(702) 643-2220,www.arsenalinc.com,5.7,74,0.08,Nichola Baber,Senior VP,
I,,Artemis Vision,Integrator Guide,999 Vallejo St. #T,Denver,CO,80204,(303)832-1111 ext: 102,www.artemisvision.com,1,14,0.07,John Berryman ,Sales Engineer,tbrennan@artemisvision.com
I,,"Arthur Engineering, Inc.",Integrator Guide,"9370 Studio Ct, Suite 140",Elk Grove,CA,95758,(916)-394-0864,www.arthurengineering.com,5,13,0.38,Chuck Arthur ,President,chucka@arthurengineering.com
,,,"Rockwell Automation, FANUC, Epson",750 Clark Ave,Bristol,CT,6010,(860) 583-4109,https://www.arthurgrussell.com/,27,137,0.20,Robert Ensminger,Chief Executive Officer,robert.ensminger@arthurgrussell.com
I,,ArtiFlex Manufacturing,Integrator Guide,4400 Donker Ct SE,Grand Rapids,MI,49512,(616) 459-8285,www.artiflexmfg.com/automation.html,25,326,0.08,Greg Wolf ,Director of Automation and Engineering Services,GWolf@artiflexmfg.com
I,,"Art's Electric, Inc.",Integrator Guide,411 Holmes Street,Frankfort,KY,40602,(502) 223-5754 ext: 156,www.artselectric.com,10,88,0.11,John Lee ,General Manager,jlee@artselectric.com
I,,ASD - Automation Systems and Design Inc,Integrator Guide,1075 Windward Ridge Pkwy Ste 180,Alpharetta,GA,30005,(800) 222-5464,www.asd-usa.com,20,689,0.03,,,
I,,ASG/HESCO,Integrator Guide,70 Inwood Road,Rocky Hill,CT,6067,(860)-817-8955,www.ctasg.com,1,9,0.11,Bill Rodny ,Director of Business Development,brodny@ctasg.com
I,,"Ashley Automation and Technology, Inc.",Inductive Automation,101 County Road 1109A,Rio Vista,TX,76093,(817) 373-3333,www.ashleyautomation.com,2.13,7,0.30,John R Burt,President,burtj@ashleyautomation.com
I,,ASIC Corporation,Integrator Guide,9175 Sutton Place,West Chester,OH,45011,(800)-686-7011,www.asiccorporation.com,5,17,0.29,Jeff Nichols ,President,jnichols@asiccorporation.com
N,,ASJ Industrial Hose & Fittings,"NAHAD,Brochure",1562 Richmond Terrace,Staten Island,NY,10310,(718) 273-7300,www.apollointl.com,8,40,0.20,John Mitropoulos,President,
I,,Aspect Engineering Group,"NAHAD,Brochure",1033 E Third St.,Corona,CA,92879,(951) 735-1351,www.asjhose.com,1,5,0.20,Susan Wakefield,President,susan@asjhose.com
C,,Associated Compressor & Equipment ,Quincy,2708 E. Jensen Ave.,Fresno,CA,93706,559-485-3184,www.associatedcompressor.com,5.1,22,0.23,Steven Strah,President,sstrah@associatedcompressor.com
I,,"Atlanta Control Technologies, Inc.","Rockwell (Allen-Bradley),,Siemens,,Automation Direct,,Mitsubishi,,Proface,,Wago",6807 Riggs Dr,Louisville,KY,40291,(502) 468-3552,https://www.atbcontrols.com/,6,31,0.19,Anthony Bell,President,anthony@atbcontrols.com
N,,Atlantex Manufacturing Corporation,"NAHAD,Brochure",1033 E Third St.,Corona,CA,92879,(951) 735-1351,www.asjhose.com,1,5,0.20,Susan Wakefield,President,susan@asjhose.com
D,,"Atlantic Hydraulics, LLC","SauerDanfoss,Brochure",90 Precision Dr.,Shirley ,NY,11967,(631)234-3200,www.aitzone.com,4,25,0.16,Tom Ferrara,Co-Owner,tferrara@aitzone.com
I,,Atlas Automation,Integrator Guide,2450 West Ridge Road Suite 300,Rochester,NY,14626,(585) 227 1110,www.atlas-automation.com,5,25,0.20,Joe West ,Sales Manager,jwest@atlas-automation.com
M,,Atlas Cylinders,tie-rod custom hydraulic cylinders with bore sizes from 1” – 48”,3705 Ben Hogan Dr,Longview,TX,75605,(903) 297-6933,promo.parker.com/promotionsite/atlas-cylinders/us/en/home,5,25,0.20,-,,
C,,"Atlas Machine & Supply, Inc.",Sullair,7000 Global Dr.,Louisville,KY,40258,800-462-8527,www.atlasmachine.com,50,200,0.25,Rich Gimmel III,President,rgimmel@atlasmachine.com
I,,"Atlas Technologies, Inc.",Integrator Guide,14165 Fenton Road,Fenton,MI,48430,(810) 629-6663,www.atlastechnologies.com,10,62,0.16,Megan Sankar,CEO,
M,,Atos North America,"Brochure,MDR",P.O. Box 28 1835 N. Research Drive,Bowling Green,OH,43402,(419) 353-6070,www.argo-hytos.com,200,1200,0.17,Larry Gerken,VP/ General Manager,l.gerken@argo-hytos.com
I,,"Atronix Engineering, Inc.",Rockwell Automation,"3100 Medlock Bridge Rd, Ste 110",Peachtree Corners,GA,30071,(770) 840-4045,http://www.atronixengineering.com/,10,106,0.09,Peter Schofield,Owner,
I,,ATS Applied Tech Systems LLC,Integrator Guide,"Columbia Center II, 14th floor 101 W. Big Beaver Road",Troy,MI,48084,(248)-6871282,www.ats-global.com,1,5,0.20,Paul Bron,Chief Executive Officer,
I,,"ATS Applied Thermal Systems, Inc.","Vacuum Plumbing, Water Conservation, Water Sustainability, and Security Fixtu",8401 73rd Ave N Ste 74,Brooklyn Park,MN,55428,(763) 535-5545,https://www.apptherm.com/,1,5,0.20,Michael Roark,President,mroark@apptherm.com
I,,ATSI Engineering Services,Integrator Guide,415 Commerce Drive,Buffalo,NY,14228,(716)-691-9200,www.atsi.com,14.3,60,0.24,Bill Roberts ,CEO,roberts@atsi.com
S,,Atwood Electric,Residential / Commercial,23124 Highway 149,Sigourney,IA,52591,(641) 622-3626,https://www.atwoodelectric.com/,6.3,25,0.25,Duane Atwood,Founder,
S,,AUI Partners,C&I,"13600 Heritage Parkway, Suite 150",Fort Worth,TX,76177,(817) 926-4377,http://www.auipartners.com/,47.3,100,0.47,Dustin Stiffler,President,
I,,Aurigin Technology Pte Ltd,Integrator Guide,2702 E Verbena Dr,Phoenix,AZ,85048,(480) 704-1770,www.aurigintech.com,1,5,0.20,Peter Kahn ,Director USA Operations,peter.kahn@aurigintech.com
M,,Aurora Air Products,"air cylinders, pneumatic cylinders, hydraulic and stainless steel cylinders",231C N Eola Rd,Aurora,IL,60504,(630) 851-4515,www.auroraair.com,6.3,25,0.25,Ron Cibulskis,VP Sales,
N,,"Aurora Industrial Supplies, Inc.","NAHAD,Brochure",P.O. Box 278,Aurora,NC,27806,(252) 322-5017,www.aurind.com,5.7,11,0.52,Clif Williams,President,clifw@aurind.com
N,,Auster Rubber Company,"NAHAD,Brochure",P.O. Box 278,Aurora,NC,27806,(252) 322-5017,www.aurind.com,6,20,0.30,Clif Williams,President,clifw@aurind.com
I,,Austgen Electric Inc.,Integrator Guide,801 East Main Street,Griffith,IN,46319,(219) 961-8102,www.austgen.com,9.5,26,0.37,Mike Austgen ,President,mike@austgen.com
I,,"Austin NNI, LLC.",Inductive Automation,2141 Surrender Ave,Austin,TX,78728,(512) 797-2307,https://austinnni.com/,4,21,0.19,Rich Wood,CEO,Rich@Austinnni.Com
I,,"Automated Cells & Equipment, Inc.",Integrator Guide,9699 Enterprise Drive,Painted Post,NY,14870,(607) 936 1341,www.autocells.com,10.4,51,0.20,James Morris ,President,jmorris@autocells.com
I,,"Automated Concepts, Inc.","System Integration, Custom Software Solutions, Mechanical Design and Manufacturing, Control Panel Manufacturing",2201 Double Creek Dr. Suite 3003,Austin,TX,78664,(512) 694-0041,http://www.totallyautomated.com/,4,24,0.17,David Counts,President,david@totallyautomated.com
I,,"Automated Concepts, Inc.","System Integration, Custom Software Solutions, Mechanical Design and Manufacturing, Control Panel Manufacturing",2201 Double Creek Dr. Unit 3003 Round Rock,Austin,TX,78758,512-961-8313,http://www.totallyautomated.com/,4,24,0.17,David Counts,President,david@totallyautomated.com
I,,A-C Technology Solutions,technology topologies,315 30th St.,Bakersfield,CA,93301,(559) 277-3488,https://a-ctech.com/,5,26,0.19,Carl Beck,President,
I,,"Automated Control Concepts, Inc.","Inductive Automation, Rockwell Automation, Stratus, Wonderwarte","3535 Route 66, Bldg 6",Neptune,NJ ,7753,(732) 922-6611,http://www.automated-control.com/,13,46,0.28,Kevin Hannigan,President,khannigan@automated-control.com
I,,"Automated Control Solutions, Inc","Motor Controls,,Ride Brakes design,,Operator Interfaces,Custom Control Systems,,Show Control Systems,,Life Safety Control Systems,Ride Control Systems,,Stand Alone RFID System,Turntable Control Systems",831 Longwood Markham Road,Sanford,FL,32771,(407) 448-5186,http://www.acontrolsolution.com/,4,24,0.17,David Baroudi,President,dbaroudi@automatedcontrol.com
I,,Automated Control Technologies,"MotionTrac™, MotionRoll™, MotionSort™",2495 S Industrial Park Ave,Tempe,AZ,85282,(480) 317-0376,http://www.actllc.com/,6,20,0.30,Tim Carroll,President,tcarroll@actllc.com
I,,Automated Industrial Machinery Inc. (AIM),"Variable Frequency Drives, Electric Control Panel, PLC Controls, Energy Efficiency, Automation System Design, Programming, Field Service, Electronic Drives Repair, Rebate & Grant Programs, and UL508A",1685 W Lake St,Addison,IL,60101,(630) 458-0008,www.aimmachines.com,5.6,129,0.04,John Smith,President,
I,,Automated Industrial Motion,"Spring Forming Machines, Wire Forming Machines, Machine Design and Build, and Contract Manufacturing",5627 Airline Road,Fruitport,MI,49415,(231) 865-1800,https://aimcoil.com/,5,25,0.20,Kurt Witham,President,kwitham@aimcoil.com
I,,"Automated Integration, LLC.",Integrator Guide,Integrator Guide,El Paso,TX,79903,(915)-256-0907,www.automatedintegration.net,1,29,0.03,Manuel Salazar ,Manager,m.salazar@automatedintegration.net
I,,Automated Interface Solutions,Home Improvement & Hardware Retail,2325 Detroit Ave,Maumee,OH,43537,(419) 270-5755,www.interfaceautomation.com,5,6,0.83,Jacqueline Chandler,Owner,
I,,Automated Methods Technologies,Integrator Guide,P.O. Box 621994,Littleton,CO,80162,(303) 932-7860,www.AutomatedMethodsTechnologies.com,5,11,0.45,Lin Mourning ,Director of Systems Development,mourning@automatedmethodstechnologies.com
I,,"Automated Mfg Solutions, Inc.",Integrator Guide,19706 Progress Drive,Strongsville,OH,44149,(440)-878-3711 ext: 201,www.automfgsolutions.com,10,32,0.31,Thomas Setele ,President,thomas.setele@automfgsolutions.com
I,,"Automated Motion, Incorporated",Integrator Guide,807 NW Commerce Drive,Lee's Summit,MO,64086,(816) 524-8104,www.automatedmotion.com,7.1,26,0.27,Chad Lucchi ,Sales Manager,dcaye@automatedmotion.com
I,,Automated Production Systems (APS),Minerals & Mining,33424 Dequindre Rd Ste B,Sterling Heights,MI,48310,(586) 977-3805,www.automatedproduction.com,9.6,28,0.34,Dean Schlitt,Manager,
I,,Automated Software Technology LLC,Integrator Guide,2325 Harding,Lansing,MI,48910,(517)-316-2138,www.autosofttech.net,1,2,0.50,Dan Shangraw,Owner,shangraw@autosofttech.net